Timestamp,年齢,性別,会話文1における「でも若いうちが、体の鍛え時ですものね。夢はありますか？私はの夢は、ファッションデザイナーになることです。」とはどういうことかを2文程度で説明してください．,会話文1における「でも若いうちが、体の鍛え時ですものね。夢はありますか？私はの夢は、ファッションデザイナーになることです。」という発言の意図がわかる．,会話文1における「でも若いうちが、体の鍛え時ですものね。夢はありますか？私はの夢は、ファッションデザイナーになることです。」という発言は唐突だ．,会話文2における「そうですね。まだまだ見習いですから下働きが多いですよ。あなたはお仕事は？」とはどういうことかを2文程度で説明してください．,会話文2における「そうですね。まだまだ見習いですから下働きが多いですよ。あなたはお仕事は？」という発言の意図がわかる．,会話文2における「そうですね。まだまだ見習いですから下働きが多いですよ。あなたはお仕事は？」という発言は唐突だ．,会話文3における「それは近いですね！奇遇です。」とはどういうことかを2文程度で説明してください．,会話文3における「それは近いですね！奇遇です。」という発言の意図がわかる．,会話文3における「それは近いですね！奇遇です。」という発言は唐突だ．,会話文4における「おや、素敵な話じゃないですか。でも、子どもは持たないのは、理由があるんですか？」とはどういうことかを2文程度で説明してください．,会話文4における「おや、素敵な話じゃないですか。でも、子どもは持たないのは、理由があるんですか？」という発言の意図がわかる．,会話文4における「おや、素敵な話じゃないですか。でも、子どもは持たないのは、理由があるんですか？」という発言は唐突だ．,会話文5における「本気になってスポーツできるのは、いいことです。乗馬は乗っているだけですからね。」とはどういうことかを2文程度で説明してください．,会話文5における「本気になってスポーツできるのは、いいことです。乗馬は乗っているだけですからね。」という発言の意図がわかる．,会話文5における「本気になってスポーツできるのは、いいことです。乗馬は乗っているだけですからね。」という発言は唐突だ．,会話文6における「そうだったんですね！わたしは学生時代に剣道部に入っていたのですが、最近はスポーツに縁遠い生活でして。」とはどういうことかを2文程度で説明してください．,会話文6における「そうだったんですね！わたしは学生時代に剣道部に入っていたのですが、最近はスポーツに縁遠い生活でして。」という発言の意図がわかる．,会話文6における「そうだったんですね！わたしは学生時代に剣道部に入っていたのですが、最近はスポーツに縁遠い生活でして。」という発言は唐突だ．,会話文7における「ですよね。どうやって朝起きしていらっしゃったんですか？」とはどういうことかを2文程度で説明してください．,会話文7における「ですよね。どうやって朝起きしていらっしゃったんですか？」という発言の意図がわかる．,会話文7における「ですよね。どうやって朝起きしていらっしゃったんですか？」という発言は唐突だ．,会話文8における「はい。私はダンスが得意なんですが、あなたはどうですか？」とはどういうことかを2文程度で説明してください．,会話文8における「はい。私はダンスが得意なんですが、あなたはどうですか？」という発言の意図がわかる．,会話文8における「はい。私はダンスが得意なんですが、あなたはどうですか？」という発言は唐突だ．,会話文9における「バレたかー！超苦手。だって、わたしの白い脳みそは、大好きなうどんで出来てるんだもの！なんちゃって！」とはどういうことかを2文程度で説明してください．,会話文9における「バレたかー！超苦手。だって、わたしの白い脳みそは、大好きなうどんで出来てるんだもの！なんちゃって！」という発言の意図がわかる．,会話文9における「バレたかー！超苦手。だって、わたしの白い脳みそは、大好きなうどんで出来てるんだもの！なんちゃって！」という発言は唐突だ．,会話文10における「ああ、なんだか気分が軽くなりました。ありがとうございました。」とはどういうことかを2文程度で説明してください．,会話文10における「ああ、なんだか気分が軽くなりました。ありがとうございました。」という発言の意図がわかる．,会話文10における「ああ、なんだか気分が軽くなりました。ありがとうございました。」という発言は唐突だ．,
6/29/2023 1:45:25,,,"若いうちに体を鍛えておくことが重要だと思っている。
また、自身はファッションデザイナーになることが夢。",7,9,"見習いの身だと、下働きが多いのだと思う。
あなたはお仕事は何か、聞きたい。",9,3,"美容とは縁が遠い境遇が近い。
偶然、似たような境遇に置かれている。",0,9,"子どもを持たない主義の夫婦に関する記事を書くなんて素敵だと思う。
でも、子供を持たない理由を知りたい。",8,2,"本気でスポーツに向き合うことはいい事だと思っている。
乗馬は乗っているだけなので、あまり張り合いがない。",6,0,"学生時代には剣道部に入っていて、それが趣味だった。
最近は、スポーツとは縁遠い毎日を過ごしている。",8,0,"あなたはエステティシャンだとは思っていた。
ところで、どうやって朝起きしていらっしゃったのか、知りたい。",2,10,"私はダンスが得意で、それが趣味になっている。
あなたの趣味も聞きたい。",4,10,"わたしの脳みそは、大好きで良く食べるうどんで出来てる。
というのは冗談です。",1,9,"妻と離婚して落ち込んでいたが、会話できて気分が軽くなった。
感謝しています。",8,4,
6/29/2023 1:48:34,49,男,早起きがつらくてもファッションデザイナーになる夢があるし、若いので耐えられます,4,6,私は見習いなので安月給だが、Bさんは何の仕事で安月給なのか,5,3,Ａさんと同じで髪が薄いので美容に全く関心が向かない,9,1,共働きの夫婦が子供を持ちたがらない理由がわからない,7,1,乗馬は馬にまたがっているだけなのでスポーツとは呼びたくはない,3,10,Aさんと違って学生時代にしかスポーツをしていない,10,0,Ａさんは学生時代の部活でどうやって早起きしていたのか知りたい,3,9,今、私はダンスが趣味だけどAさんはダンスをどう思っているのか知りたい,2,8,脳がうどんでできているので白髪が目立つのはおかしいことではない,0,10,Aさんが楽しく過ごしているのを聞いて気分が軽くなった,9,2,
6/29/2023 1:50:42,49,女,ファッションデザイナーになることが夢で、若いうちに体を鍛えておきたい。,5,7,自分は下働きで見習いだけど、Bさんは何の仕事をしているか聞いている。,6,5,髪が薄いことがAさんと似ているので、奇遇だということ。,6,4,子供をもたないAさんを素敵だと言い、理由を聞いている。,7,3,乗馬は乗っているだけだが、スポーツに本気になっていていいことだと言っている。,6,6,今はスポーツに縁遠い生活をしているが、学生時代は剣道部だった。,7,2,朝起きてきたのだが、どうやって起きてきたか聞いている。,3,7,自分はダンスが得意で、相手はダンスが得意かどうか聞いている。,1,9,住んでいる地域がばれて、白い脳みそは大好きなうどんで出来ているとジョークを言っている。,2,9,Aさんの気分転換の話を聞いて気分が軽くなり、お礼を言っている。,6,8,日本語のとらえかたの難しさを改めて実感しました。ありがとうございます。